,df,sum_sq,mean_sq,F,PR(>F)
display_month,20.0,48682548.74879868,2434127.4374399344,307.72957295587037,0.0
Residual,91971.0,727486579.8513682,7909.956180223855,,
