year,delay,hh_P_emp,delay per HH
2013-2014,1066597866.0,73818868.0,14.448851559197575
2014-2015,3632949648.0,86513591.0,41.99281992583108
